Drive,Recovery_Method,Deletion_Method,File_Type,Total_Recovered,Percentage
05A,photo_rec,1_write_pass,ics,31,31.0
05A,photo_rec,1_write_pass,txt,13,13.0
05A,photo_rec,1_write_pass,svg,2,10.0
05A,photo_rec,1_write_pass,gif,1,5.0
05A,photo_rec,3_write_pass,ics,31,31.0
05A,photo_rec,3_write_pass,txt,21,21.0
05A,photo_rec,3_write_pass,xml,18,18.0
05A,photo_rec,3_write_pass,svg,2,10.0
05A,photo_rec,3_write_pass,gif,1,5.0
05A,photo_rec,3_write_pass,webp,1,1.11
05A,photo_rec,control,html,100,100.0
05A,photo_rec,control,xml,98,98.0
05A,photo_rec,control,webp,90,100.0
05A,photo_rec,control,ics,86,86.0
05A,photo_rec,control,7z,60,100.0
05A,photo_rec,control,zip,60,100.0
05A,photo_rec,control,jpg,59,98.33
05A,photo_rec,control,png,58,96.67
05A,photo_rec,control,txt,48,48.0
05A,photo_rec,control,doc,43,143.33
05A,photo_rec,control,pdf,26,65.0
05A,photo_rec,control,bmp,20,100.0
05A,photo_rec,control,mp4,20,100.0
05A,photo_rec,control,gif,19,95.0
05A,photo_rec,control,ppt,19,63.33
05A,photo_rec,control,svg,19,95.0
05A,photo_rec,control,xls,18,60.0
05A,photo_rec,control,pptx,11,36.67
05A,photo_rec,control,xlsx,11,36.67
05A,photo_rec,control,epub,10,100.0
05A,photo_rec,control,mkv,10,100.0
05A,photo_rec,control,mp3,10,100.0
05A,photo_rec,control,ods,10,100.0
05A,photo_rec,control,rar,10,100.0
05A,photo_rec,control,eps,9,45.0
05A,photo_rec,control,docx,7,23.33
05A,photo_rec,control,dll,3,30.0
05A,photo_rec,control,exe,2,20.0
05A,photo_rec,control,dwg,1,5.0
05A,recuva,1_write_pass,rand,123,61.5
05A,recuva,1_write_pass,ics,31,31.0
05A,recuva,1_write_pass,js,23,23.0
05A,recuva,1_write_pass,xml,18,18.0
05A,recuva,1_write_pass,css,13,13.0
05A,recuva,1_write_pass,csv,12,12.0
05A,recuva,1_write_pass,txt,9,9.0
05A,recuva,1_write_pass,json,8,8.0
05A,recuva,1_write_pass,svg,2,10.0
05A,recuva,1_write_pass,dll,1,10.0
05A,recuva,1_write_pass,exe,1,10.0
05A,recuva,1_write_pass,gif,1,5.0
05A,recuva,1_write_pass,webp,1,1.11
05A,recuva,3_write_pass,rand,123,61.5
05A,recuva,3_write_pass,ics,31,31.0
05A,recuva,3_write_pass,js,23,23.0
05A,recuva,3_write_pass,xml,18,18.0
05A,recuva,3_write_pass,css,13,13.0
05A,recuva,3_write_pass,csv,12,12.0
05A,recuva,3_write_pass,txt,9,9.0
05A,recuva,3_write_pass,json,8,8.0
05A,recuva,3_write_pass,svg,2,10.0
05A,recuva,3_write_pass,dll,1,10.0
05A,recuva,3_write_pass,exe,1,10.0
05A,recuva,3_write_pass,gif,1,5.0
05A,recuva,3_write_pass,webp,1,1.11
05A,recuva,control,rand,200,100.0
05A,recuva,control,css,100,100.0
05A,recuva,control,csv,100,100.0
05A,recuva,control,html,100,100.0
05A,recuva,control,ics,100,100.0
05A,recuva,control,js,100,100.0
05A,recuva,control,json,100,100.0
05A,recuva,control,ps1,100,100.0
05A,recuva,control,so,100,100.0
05A,recuva,control,txt,100,100.0
05A,recuva,control,xml,100,100.0
05A,recuva,control,webp,90,100.0
05A,recuva,control,7z,60,100.0
05A,recuva,control,jpg,60,100.0
05A,recuva,control,png,60,100.0
05A,recuva,control,zip,60,100.0
05A,recuva,control,pdf,40,100.0
05A,recuva,control,doc,30,100.0
05A,recuva,control,docx,30,100.0
05A,recuva,control,ppt,30,100.0
05A,recuva,control,pptx,30,100.0
05A,recuva,control,xls,30,100.0
05A,recuva,control,xlsx,30,100.0
05A,recuva,control,bmp,20,100.0
05A,recuva,control,dwg,20,100.0
05A,recuva,control,eps,20,100.0
05A,recuva,control,gif,20,100.0
05A,recuva,control,mp4,20,100.0
05A,recuva,control,svg,20,100.0
05A,recuva,control,tif,20,100.0
05A,recuva,control,apk,10,100.0
05A,recuva,control,bin,10,100.0
05A,recuva,control,dll,10,100.0
05A,recuva,control,epub,10,100.0
05A,recuva,control,exe,10,100.0
05A,recuva,control,gz,10,100.0
05A,recuva,control,mkv,10,100.0
05A,recuva,control,mp3,10,100.0
05A,recuva,control,ods,10,100.0
05A,recuva,control,oxps,10,100.0
05A,recuva,control,rar,10,100.0
05A,recuva,control,tar,10,100.0
05A,recuva,control,zlib,10,100.0
05A,recuva,control,py,1,100.0
05A,recuva,windows_delete,csv,27,27.0
05A,recuva,windows_delete,js,24,24.0
05A,recuva,windows_delete,txt,15,15.0
05A,recuva,windows_delete,css,14,14.0
05A,recuva,windows_delete,rand,14,7.0
05A,recuva,windows_delete,ics,13,13.0
05A,recuva,windows_delete,json,2,2.0
05A,recuva,windows_delete,xml,2,2.0
05A,recuva,windows_delete,gif,1,5.0
05A,recuva,windows_delete,jpg,1,1.67
05A,recuva,windows_delete,png,1,1.67
05A,recuva,windows_delete,svg,1,5.0
05A,windows_file_recovery,windows_delete,csv,27,27.0
05A,windows_file_recovery,windows_delete,txt,15,15.0
05A,windows_file_recovery,windows_delete,rand,14,7.0
05A,windows_file_recovery,windows_delete,ics,13,13.0
05A,windows_file_recovery,windows_delete,gif,1,5.0
05A,windows_file_recovery,windows_delete,jpg,1,1.67
05A,windows_file_recovery,windows_delete,png,1,1.67
05A,windows_file_recovery,windows_delete,svg,1,5.0
1B8,photo_rec,control,html,100,100.0
1B8,photo_rec,control,xml,98,98.0
1B8,photo_rec,control,webp,90,100.0
1B8,photo_rec,control,ics,86,86.0
1B8,photo_rec,control,7z,60,100.0
1B8,photo_rec,control,zip,60,100.0
1B8,photo_rec,control,jpg,59,98.33
1B8,photo_rec,control,png,58,96.67
1B8,photo_rec,control,txt,45,45.0
1B8,photo_rec,control,doc,43,143.33
1B8,photo_rec,control,pdf,26,65.0
1B8,photo_rec,control,bmp,20,100.0
1B8,photo_rec,control,mp4,20,100.0
1B8,photo_rec,control,gif,19,95.0
1B8,photo_rec,control,ppt,19,63.33
1B8,photo_rec,control,svg,19,95.0
1B8,photo_rec,control,xls,18,60.0
1B8,photo_rec,control,pptx,11,36.67
1B8,photo_rec,control,xlsx,11,36.67
1B8,photo_rec,control,epub,10,100.0
1B8,photo_rec,control,mkv,10,100.0
1B8,photo_rec,control,mp3,10,100.0
1B8,photo_rec,control,ods,10,100.0
1B8,photo_rec,control,rar,10,100.0
1B8,photo_rec,control,eps,9,45.0
1B8,photo_rec,control,docx,7,23.33
1B8,photo_rec,control,dll,3,30.0
1B8,photo_rec,control,dwg,2,10.0
1B8,photo_rec,control,exe,2,20.0
1B8,photo_rec,quick_format,txt,65,65.0
1B8,photo_rec,quick_format,html,51,51.0
1B8,photo_rec,quick_format,webp,44,48.89
1B8,photo_rec,quick_format,ics,43,43.0
1B8,photo_rec,quick_format,jpg,34,56.67
1B8,photo_rec,quick_format,zip,31,51.67
1B8,photo_rec,quick_format,doc,29,96.67
1B8,photo_rec,quick_format,png,27,45.0
1B8,photo_rec,quick_format,7z,26,43.33
1B8,photo_rec,quick_format,pdf,11,27.5
1B8,photo_rec,quick_format,bmp,10,50.0
1B8,photo_rec,quick_format,ppt,10,33.33
1B8,photo_rec,quick_format,xls,10,33.33
1B8,photo_rec,quick_format,gif,9,45.0
1B8,photo_rec,quick_format,mp4,7,35.0
1B8,photo_rec,quick_format,pptx,6,20.0
1B8,photo_rec,quick_format,svg,5,25.0
1B8,photo_rec,quick_format,mkv,4,40.0
1B8,photo_rec,quick_format,rar,4,40.0
1B8,photo_rec,quick_format,docx,3,10.0
1B8,photo_rec,quick_format,mp3,3,30.0
1B8,photo_rec,quick_format,ods,3,30.0
1B8,photo_rec,quick_format,xlsx,3,10.0
1B8,photo_rec,quick_format,xml,3,3.0
1B8,photo_rec,quick_format,dll,2,20.0
1B8,photo_rec,quick_format,epub,2,20.0
1B8,photo_rec,quick_format,eps,1,5.0
1B8,photo_rec,windows_delete,html,100,100.0
1B8,photo_rec,windows_delete,xml,98,98.0
1B8,photo_rec,windows_delete,webp,90,100.0
1B8,photo_rec,windows_delete,ics,86,86.0
1B8,photo_rec,windows_delete,7z,60,100.0
1B8,photo_rec,windows_delete,zip,60,100.0
1B8,photo_rec,windows_delete,jpg,59,98.33
1B8,photo_rec,windows_delete,png,58,96.67
1B8,photo_rec,windows_delete,txt,45,45.0
1B8,photo_rec,windows_delete,doc,43,143.33
1B8,photo_rec,windows_delete,pdf,26,65.0
1B8,photo_rec,windows_delete,bmp,20,100.0
1B8,photo_rec,windows_delete,mp4,20,100.0
1B8,photo_rec,windows_delete,gif,19,95.0
1B8,photo_rec,windows_delete,ppt,19,63.33
1B8,photo_rec,windows_delete,svg,19,95.0
1B8,photo_rec,windows_delete,xls,18,60.0
1B8,photo_rec,windows_delete,pptx,11,36.67
1B8,photo_rec,windows_delete,xlsx,11,36.67
1B8,photo_rec,windows_delete,epub,10,100.0
1B8,photo_rec,windows_delete,mkv,10,100.0
1B8,photo_rec,windows_delete,mp3,10,100.0
1B8,photo_rec,windows_delete,ods,10,100.0
1B8,photo_rec,windows_delete,rar,10,100.0
1B8,photo_rec,windows_delete,eps,9,45.0
1B8,photo_rec,windows_delete,docx,7,23.33
1B8,photo_rec,windows_delete,dll,3,30.0
1B8,photo_rec,windows_delete,dwg,2,10.0
1B8,photo_rec,windows_delete,exe,2,20.0
1B8,recuva,control,rand,200,100.0
1B8,recuva,control,css,100,100.0
1B8,recuva,control,csv,100,100.0
1B8,recuva,control,html,100,100.0
1B8,recuva,control,ics,100,100.0
1B8,recuva,control,js,100,100.0
1B8,recuva,control,json,100,100.0
1B8,recuva,control,ps1,100,100.0
1B8,recuva,control,so,100,100.0
1B8,recuva,control,txt,100,100.0
1B8,recuva,control,xml,100,100.0
1B8,recuva,control,webp,90,100.0
1B8,recuva,control,7z,60,100.0
1B8,recuva,control,jpg,60,100.0
1B8,recuva,control,png,60,100.0
1B8,recuva,control,zip,60,100.0
1B8,recuva,control,pdf,40,100.0
1B8,recuva,control,doc,30,100.0
1B8,recuva,control,docx,30,100.0
1B8,recuva,control,ppt,30,100.0
1B8,recuva,control,pptx,30,100.0
1B8,recuva,control,xls,30,100.0
1B8,recuva,control,xlsx,30,100.0
1B8,recuva,control,bmp,20,100.0
1B8,recuva,control,dwg,20,100.0
1B8,recuva,control,eps,20,100.0
1B8,recuva,control,gif,20,100.0
1B8,recuva,control,mp4,20,100.0
1B8,recuva,control,svg,20,100.0
1B8,recuva,control,tif,20,100.0
1B8,recuva,control,apk,10,100.0
1B8,recuva,control,bin,10,100.0
1B8,recuva,control,dll,10,100.0
1B8,recuva,control,epub,10,100.0
1B8,recuva,control,exe,10,100.0
1B8,recuva,control,gz,10,100.0
1B8,recuva,control,mkv,10,100.0
1B8,recuva,control,mp3,10,100.0
1B8,recuva,control,ods,10,100.0
1B8,recuva,control,oxps,10,100.0
1B8,recuva,control,rar,10,100.0
1B8,recuva,control,tar,10,100.0
1B8,recuva,control,zlib,10,100.0
1B8,recuva,control,py,1,100.0
1B8,recuva,quick_format,js,27,27.0
1B8,recuva,quick_format,csv,23,23.0
1B8,recuva,quick_format,rand,17,8.5
1B8,recuva,quick_format,txt,15,15.0
1B8,recuva,quick_format,ics,13,13.0
1B8,recuva,quick_format,ppt,6,20.0
1B8,recuva,quick_format,tif,3,15.0
1B8,recuva,quick_format,json,2,2.0
1B8,recuva,quick_format,xml,2,2.0
1B8,recuva,quick_format,doc,1,3.33
1B8,recuva,quick_format,gif,1,5.0
1B8,recuva,quick_format,jpg,1,1.67
1B8,recuva,quick_format,mp3,1,10.0
1B8,recuva,quick_format,png,1,1.67
1B8,recuva,quick_format,svg,1,5.0
1B8,recuva,windows_delete,rand,200,100.0
1B8,recuva,windows_delete,css,100,100.0
1B8,recuva,windows_delete,csv,100,100.0
1B8,recuva,windows_delete,html,100,100.0
1B8,recuva,windows_delete,ics,100,100.0
1B8,recuva,windows_delete,js,100,100.0
1B8,recuva,windows_delete,json,100,100.0
1B8,recuva,windows_delete,ps1,100,100.0
1B8,recuva,windows_delete,so,100,100.0
1B8,recuva,windows_delete,txt,100,100.0
1B8,recuva,windows_delete,xml,100,100.0
1B8,recuva,windows_delete,webp,90,100.0
1B8,recuva,windows_delete,7z,60,100.0
1B8,recuva,windows_delete,jpg,60,100.0
1B8,recuva,windows_delete,png,60,100.0
1B8,recuva,windows_delete,zip,60,100.0
1B8,recuva,windows_delete,pdf,40,100.0
1B8,recuva,windows_delete,doc,30,100.0
1B8,recuva,windows_delete,docx,30,100.0
1B8,recuva,windows_delete,ppt,30,100.0
1B8,recuva,windows_delete,pptx,30,100.0
1B8,recuva,windows_delete,xls,30,100.0
1B8,recuva,windows_delete,xlsx,30,100.0
1B8,recuva,windows_delete,bmp,20,100.0
1B8,recuva,windows_delete,dwg,20,100.0
1B8,recuva,windows_delete,eps,20,100.0
1B8,recuva,windows_delete,gif,20,100.0
1B8,recuva,windows_delete,mp4,20,100.0
1B8,recuva,windows_delete,svg,20,100.0
1B8,recuva,windows_delete,tif,20,100.0
1B8,recuva,windows_delete,apk,10,100.0
1B8,recuva,windows_delete,bin,10,100.0
1B8,recuva,windows_delete,dll,10,100.0
1B8,recuva,windows_delete,epub,10,100.0
1B8,recuva,windows_delete,exe,10,100.0
1B8,recuva,windows_delete,gz,10,100.0
1B8,recuva,windows_delete,mkv,10,100.0
1B8,recuva,windows_delete,mp3,10,100.0
1B8,recuva,windows_delete,ods,10,100.0
1B8,recuva,windows_delete,oxps,10,100.0
1B8,recuva,windows_delete,rar,10,100.0
1B8,recuva,windows_delete,tar,10,100.0
1B8,recuva,windows_delete,zlib,10,100.0
1B8,recuva,windows_delete,py,1,100.0
1B8,windows_file_recovery,quick_format,zip,80,133.33
1B8,windows_file_recovery,quick_format,jpg,59,98.33
1B8,windows_file_recovery,quick_format,png,58,96.67
1B8,windows_file_recovery,quick_format,mp4,20,100.0
1B8,windows_file_recovery,quick_format,pptx,11,36.67
1B8,windows_file_recovery,quick_format,xlsx,11,36.67
1B8,windows_file_recovery,quick_format,mp3,10,100.0
1B8,windows_file_recovery,quick_format,ods,10,100.0
1B8,windows_file_recovery,quick_format,docx,7,23.33
1B8,windows_file_recovery,quick_format,pdf,1,2.5
1B8,windows_file_recovery,windows_delete,rand,200,100.0
1B8,windows_file_recovery,windows_delete,csv,100,100.0
1B8,windows_file_recovery,windows_delete,ics,100,100.0
1B8,windows_file_recovery,windows_delete,so,100,100.0
1B8,windows_file_recovery,windows_delete,txt,100,100.0
1B8,windows_file_recovery,windows_delete,webp,90,100.0
1B8,windows_file_recovery,windows_delete,7z,60,100.0
1B8,windows_file_recovery,windows_delete,jpg,60,100.0
1B8,windows_file_recovery,windows_delete,png,60,100.0
1B8,windows_file_recovery,windows_delete,zip,60,100.0
1B8,windows_file_recovery,windows_delete,pdf,40,100.0
1B8,windows_file_recovery,windows_delete,doc,30,100.0
1B8,windows_file_recovery,windows_delete,docx,30,100.0
1B8,windows_file_recovery,windows_delete,ppt,30,100.0
1B8,windows_file_recovery,windows_delete,pptx,30,100.0
1B8,windows_file_recovery,windows_delete,xls,30,100.0
1B8,windows_file_recovery,windows_delete,xlsx,30,100.0
1B8,windows_file_recovery,windows_delete,bmp,20,100.0
1B8,windows_file_recovery,windows_delete,dwg,20,100.0
1B8,windows_file_recovery,windows_delete,eps,20,100.0
1B8,windows_file_recovery,windows_delete,gif,20,100.0
1B8,windows_file_recovery,windows_delete,mp4,20,100.0
1B8,windows_file_recovery,windows_delete,svg,20,100.0
1B8,windows_file_recovery,windows_delete,tif,20,100.0
1B8,windows_file_recovery,windows_delete,apk,10,100.0
1B8,windows_file_recovery,windows_delete,epub,10,100.0
1B8,windows_file_recovery,windows_delete,gz,10,100.0
1B8,windows_file_recovery,windows_delete,mkv,10,100.0
1B8,windows_file_recovery,windows_delete,mp3,10,100.0
1B8,windows_file_recovery,windows_delete,ods,10,100.0
1B8,windows_file_recovery,windows_delete,oxps,10,100.0
1B8,windows_file_recovery,windows_delete,rar,10,100.0
1B8,windows_file_recovery,windows_delete,tar,10,100.0
1B8,windows_file_recovery,windows_delete,zlib,10,100.0
20Z,photo_rec,1_write_pass,ics,31,31.0
20Z,photo_rec,1_write_pass,xml,18,18.0
20Z,photo_rec,1_write_pass,txt,13,13.0
20Z,photo_rec,1_write_pass,svg,2,10.0
20Z,photo_rec,1_write_pass,gif,1,5.0
20Z,photo_rec,1_write_pass,webp,1,1.11
20Z,photo_rec,3_write_pass,ics,31,31.0
20Z,photo_rec,3_write_pass,xml,18,18.0
20Z,photo_rec,3_write_pass,txt,13,13.0
20Z,photo_rec,3_write_pass,svg,2,10.0
20Z,photo_rec,3_write_pass,gif,1,5.0
20Z,photo_rec,3_write_pass,webp,1,1.11
20Z,photo_rec,control,html,100,100.0
20Z,photo_rec,control,xml,98,98.0
20Z,photo_rec,control,webp,90,100.0
20Z,photo_rec,control,ics,86,86.0
20Z,photo_rec,control,7z,60,100.0
20Z,photo_rec,control,zip,60,100.0
20Z,photo_rec,control,jpg,59,98.33
20Z,photo_rec,control,png,58,96.67
20Z,photo_rec,control,txt,45,45.0
20Z,photo_rec,control,doc,43,143.33
20Z,photo_rec,control,pdf,26,65.0
20Z,photo_rec,control,bmp,20,100.0
20Z,photo_rec,control,mp4,20,100.0
20Z,photo_rec,control,gif,19,95.0
20Z,photo_rec,control,ppt,19,63.33
20Z,photo_rec,control,svg,19,95.0
20Z,photo_rec,control,xls,18,60.0
20Z,photo_rec,control,pptx,11,36.67
20Z,photo_rec,control,xlsx,11,36.67
20Z,photo_rec,control,epub,10,100.0
20Z,photo_rec,control,mkv,10,100.0
20Z,photo_rec,control,mp3,10,100.0
20Z,photo_rec,control,ods,10,100.0
20Z,photo_rec,control,rar,10,100.0
20Z,photo_rec,control,eps,9,45.0
20Z,photo_rec,control,docx,7,23.33
20Z,photo_rec,control,dll,3,30.0
20Z,photo_rec,control,dwg,2,10.0
20Z,photo_rec,control,exe,2,20.0
20Z,photo_rec,windows_delete,xml,2,2.0
20Z,recuva,1_write_pass,rand,123,61.5
20Z,recuva,1_write_pass,ics,31,31.0
20Z,recuva,1_write_pass,js,23,23.0
20Z,recuva,1_write_pass,xml,18,18.0
20Z,recuva,1_write_pass,css,13,13.0
20Z,recuva,1_write_pass,csv,12,12.0
20Z,recuva,1_write_pass,txt,9,9.0
20Z,recuva,1_write_pass,json,8,8.0
20Z,recuva,1_write_pass,svg,2,10.0
20Z,recuva,1_write_pass,dll,1,10.0
20Z,recuva,1_write_pass,exe,1,10.0
20Z,recuva,1_write_pass,gif,1,5.0
20Z,recuva,1_write_pass,webp,1,1.11
20Z,recuva,3_write_pass,rand,123,61.5
20Z,recuva,3_write_pass,ics,31,31.0
20Z,recuva,3_write_pass,js,23,23.0
20Z,recuva,3_write_pass,xml,18,18.0
20Z,recuva,3_write_pass,css,13,13.0
20Z,recuva,3_write_pass,csv,12,12.0
20Z,recuva,3_write_pass,txt,9,9.0
20Z,recuva,3_write_pass,json,8,8.0
20Z,recuva,3_write_pass,svg,2,10.0
20Z,recuva,3_write_pass,dll,1,10.0
20Z,recuva,3_write_pass,exe,1,10.0
20Z,recuva,3_write_pass,gif,1,5.0
20Z,recuva,3_write_pass,webp,1,1.11
20Z,recuva,control,rand,200,100.0
20Z,recuva,control,css,100,100.0
20Z,recuva,control,csv,100,100.0
20Z,recuva,control,html,100,100.0
20Z,recuva,control,ics,100,100.0
20Z,recuva,control,js,100,100.0
20Z,recuva,control,json,100,100.0
20Z,recuva,control,ps1,100,100.0
20Z,recuva,control,so,100,100.0
20Z,recuva,control,txt,100,100.0
20Z,recuva,control,xml,100,100.0
20Z,recuva,control,webp,90,100.0
20Z,recuva,control,7z,60,100.0
20Z,recuva,control,jpg,60,100.0
20Z,recuva,control,png,60,100.0
20Z,recuva,control,zip,60,100.0
20Z,recuva,control,pdf,40,100.0
20Z,recuva,control,doc,30,100.0
20Z,recuva,control,docx,30,100.0
20Z,recuva,control,ppt,30,100.0
20Z,recuva,control,pptx,30,100.0
20Z,recuva,control,xls,30,100.0
20Z,recuva,control,xlsx,30,100.0
20Z,recuva,control,bmp,20,100.0
20Z,recuva,control,dwg,20,100.0
20Z,recuva,control,eps,20,100.0
20Z,recuva,control,gif,20,100.0
20Z,recuva,control,mp4,20,100.0
20Z,recuva,control,svg,20,100.0
20Z,recuva,control,tif,20,100.0
20Z,recuva,control,apk,10,100.0
20Z,recuva,control,bin,10,100.0
20Z,recuva,control,dll,10,100.0
20Z,recuva,control,epub,10,100.0
20Z,recuva,control,exe,10,100.0
20Z,recuva,control,gz,10,100.0
20Z,recuva,control,mkv,10,100.0
20Z,recuva,control,mp3,10,100.0
20Z,recuva,control,ods,10,100.0
20Z,recuva,control,oxps,10,100.0
20Z,recuva,control,rar,10,100.0
20Z,recuva,control,tar,10,100.0
20Z,recuva,control,zlib,10,100.0
20Z,recuva,control,py,1,100.0
20Z,recuva,windows_delete,csv,27,27.0
20Z,recuva,windows_delete,js,27,27.0
20Z,recuva,windows_delete,css,17,17.0
20Z,recuva,windows_delete,rand,17,8.5
20Z,recuva,windows_delete,txt,15,15.0
20Z,recuva,windows_delete,ics,13,13.0
20Z,recuva,windows_delete,xml,4,4.0
20Z,recuva,windows_delete,json,2,2.0
20Z,recuva,windows_delete,gif,1,5.0
20Z,recuva,windows_delete,jpg,1,1.67
20Z,recuva,windows_delete,png,1,1.67
20Z,recuva,windows_delete,svg,1,5.0
20Z,windows_file_recovery,windows_delete,csv,27,27.0
20Z,windows_file_recovery,windows_delete,rand,17,8.5
20Z,windows_file_recovery,windows_delete,txt,15,15.0
20Z,windows_file_recovery,windows_delete,ics,13,13.0
20Z,windows_file_recovery,windows_delete,gif,1,5.0
20Z,windows_file_recovery,windows_delete,jpg,1,1.67
20Z,windows_file_recovery,windows_delete,png,1,1.67
20Z,windows_file_recovery,windows_delete,svg,1,5.0
50V,photo_rec,control,html,99,99.0
50V,photo_rec,control,xml,98,98.0
50V,photo_rec,control,webp,90,100.0
50V,photo_rec,control,ics,86,86.0
50V,photo_rec,control,7z,60,100.0
50V,photo_rec,control,zip,60,100.0
50V,photo_rec,control,jpg,59,98.33
50V,photo_rec,control,png,58,96.67
50V,photo_rec,control,txt,45,45.0
50V,photo_rec,control,doc,43,143.33
50V,photo_rec,control,pdf,27,67.5
50V,photo_rec,control,bmp,20,100.0
50V,photo_rec,control,mp4,20,100.0
50V,photo_rec,control,ppt,20,66.67
50V,photo_rec,control,gif,19,95.0
50V,photo_rec,control,svg,19,95.0
50V,photo_rec,control,xls,18,60.0
50V,photo_rec,control,pptx,11,36.67
50V,photo_rec,control,xlsx,11,36.67
50V,photo_rec,control,epub,10,100.0
50V,photo_rec,control,mkv,10,100.0
50V,photo_rec,control,mp3,10,100.0
50V,photo_rec,control,ods,10,100.0
50V,photo_rec,control,rar,10,100.0
50V,photo_rec,control,eps,9,45.0
50V,photo_rec,control,docx,7,23.33
50V,photo_rec,control,dll,3,30.0
50V,photo_rec,control,dwg,2,10.0
50V,photo_rec,control,exe,2,20.0
50V,recuva,control,rand,200,100.0
50V,recuva,control,css,100,100.0
50V,recuva,control,csv,100,100.0
50V,recuva,control,html,100,100.0
50V,recuva,control,ics,100,100.0
50V,recuva,control,js,100,100.0
50V,recuva,control,json,100,100.0
50V,recuva,control,ps1,100,100.0
50V,recuva,control,so,100,100.0
50V,recuva,control,txt,100,100.0
50V,recuva,control,xml,100,100.0
50V,recuva,control,webp,90,100.0
50V,recuva,control,7z,60,100.0
50V,recuva,control,jpg,60,100.0
50V,recuva,control,png,60,100.0
50V,recuva,control,zip,60,100.0
50V,recuva,control,pdf,40,100.0
50V,recuva,control,doc,30,100.0
50V,recuva,control,docx,30,100.0
50V,recuva,control,ppt,30,100.0
50V,recuva,control,pptx,30,100.0
50V,recuva,control,xls,30,100.0
50V,recuva,control,xlsx,30,100.0
50V,recuva,control,bmp,20,100.0
50V,recuva,control,dwg,20,100.0
50V,recuva,control,eps,20,100.0
50V,recuva,control,gif,20,100.0
50V,recuva,control,mp4,20,100.0
50V,recuva,control,svg,20,100.0
50V,recuva,control,tif,20,100.0
50V,recuva,control,apk,10,100.0
50V,recuva,control,bin,10,100.0
50V,recuva,control,dll,10,100.0
50V,recuva,control,epub,10,100.0
50V,recuva,control,exe,10,100.0
50V,recuva,control,gz,10,100.0
50V,recuva,control,mkv,10,100.0
50V,recuva,control,mp3,10,100.0
50V,recuva,control,ods,10,100.0
50V,recuva,control,oxps,10,100.0
50V,recuva,control,rar,10,100.0
50V,recuva,control,tar,10,100.0
50V,recuva,control,zlib,10,100.0
50V,recuva,control,py,1,100.0
50V,recuva,windows_delete,csv,27,27.0
50V,recuva,windows_delete,js,27,27.0
50V,recuva,windows_delete,css,17,17.0
50V,recuva,windows_delete,rand,17,8.5
50V,recuva,windows_delete,txt,15,15.0
50V,recuva,windows_delete,ics,13,13.0
50V,recuva,windows_delete,json,2,2.0
50V,recuva,windows_delete,xml,2,2.0
50V,recuva,windows_delete,gif,1,5.0
50V,recuva,windows_delete,jpg,1,1.67
50V,recuva,windows_delete,png,1,1.67
50V,recuva,windows_delete,svg,1,5.0
50V,windows_file_recovery,windows_delete,csv,27,27.0
50V,windows_file_recovery,windows_delete,rand,17,8.5
50V,windows_file_recovery,windows_delete,txt,15,15.0
50V,windows_file_recovery,windows_delete,ics,13,13.0
50V,windows_file_recovery,windows_delete,gif,1,5.0
50V,windows_file_recovery,windows_delete,jpg,1,1.67
50V,windows_file_recovery,windows_delete,png,1,1.67
50V,windows_file_recovery,windows_delete,svg,1,5.0
JZ0,photo_rec,control,html,100,100.0
JZ0,photo_rec,control,xml,98,98.0
JZ0,photo_rec,control,webp,90,100.0
JZ0,photo_rec,control,ics,86,86.0
JZ0,photo_rec,control,7z,60,100.0
JZ0,photo_rec,control,zip,60,100.0
JZ0,photo_rec,control,jpg,59,98.33
JZ0,photo_rec,control,png,58,96.67
JZ0,photo_rec,control,txt,45,45.0
JZ0,photo_rec,control,doc,43,143.33
JZ0,photo_rec,control,pdf,26,65.0
JZ0,photo_rec,control,bmp,20,100.0
JZ0,photo_rec,control,mp4,20,100.0
JZ0,photo_rec,control,gif,19,95.0
JZ0,photo_rec,control,ppt,19,63.33
JZ0,photo_rec,control,svg,19,95.0
JZ0,photo_rec,control,xls,18,60.0
JZ0,photo_rec,control,pptx,11,36.67
JZ0,photo_rec,control,xlsx,11,36.67
JZ0,photo_rec,control,epub,10,100.0
JZ0,photo_rec,control,mkv,10,100.0
JZ0,photo_rec,control,mp3,10,100.0
JZ0,photo_rec,control,ods,10,100.0
JZ0,photo_rec,control,rar,10,100.0
JZ0,photo_rec,control,eps,9,45.0
JZ0,photo_rec,control,docx,7,23.33
JZ0,photo_rec,control,dll,3,30.0
JZ0,photo_rec,control,dwg,2,10.0
JZ0,photo_rec,control,exe,2,20.0
JZ0,photo_rec,quick_format,html,100,100.0
JZ0,photo_rec,quick_format,xml,98,98.0
JZ0,photo_rec,quick_format,webp,90,100.0
JZ0,photo_rec,quick_format,ics,86,86.0
JZ0,photo_rec,quick_format,zip,60,100.0
JZ0,photo_rec,quick_format,7z,59,98.33
JZ0,photo_rec,quick_format,jpg,59,98.33
JZ0,photo_rec,quick_format,png,58,96.67
JZ0,photo_rec,quick_format,txt,45,45.0
JZ0,photo_rec,quick_format,doc,43,143.33
JZ0,photo_rec,quick_format,pdf,26,65.0
JZ0,photo_rec,quick_format,bmp,20,100.0
JZ0,photo_rec,quick_format,mp4,20,100.0
JZ0,photo_rec,quick_format,gif,19,95.0
JZ0,photo_rec,quick_format,ppt,19,63.33
JZ0,photo_rec,quick_format,svg,19,95.0
JZ0,photo_rec,quick_format,xls,18,60.0
JZ0,photo_rec,quick_format,pptx,11,36.67
JZ0,photo_rec,quick_format,xlsx,11,36.67
JZ0,photo_rec,quick_format,epub,10,100.0
JZ0,photo_rec,quick_format,mkv,10,100.0
JZ0,photo_rec,quick_format,mp3,10,100.0
JZ0,photo_rec,quick_format,ods,10,100.0
JZ0,photo_rec,quick_format,rar,10,100.0
JZ0,photo_rec,quick_format,eps,9,45.0
JZ0,photo_rec,quick_format,docx,7,23.33
JZ0,photo_rec,quick_format,dll,3,30.0
JZ0,photo_rec,quick_format,dwg,2,10.0
JZ0,photo_rec,quick_format,exe,2,20.0
JZ0,photo_rec,windows_delete,html,100,100.0
JZ0,photo_rec,windows_delete,xml,98,98.0
JZ0,photo_rec,windows_delete,webp,90,100.0
JZ0,photo_rec,windows_delete,ics,86,86.0
JZ0,photo_rec,windows_delete,7z,60,100.0
JZ0,photo_rec,windows_delete,zip,60,100.0
JZ0,photo_rec,windows_delete,jpg,59,98.33
JZ0,photo_rec,windows_delete,png,58,96.67
JZ0,photo_rec,windows_delete,txt,45,45.0
JZ0,photo_rec,windows_delete,doc,43,143.33
JZ0,photo_rec,windows_delete,pdf,26,65.0
JZ0,photo_rec,windows_delete,bmp,20,100.0
JZ0,photo_rec,windows_delete,mp4,20,100.0
JZ0,photo_rec,windows_delete,gif,19,95.0
JZ0,photo_rec,windows_delete,ppt,19,63.33
JZ0,photo_rec,windows_delete,svg,19,95.0
JZ0,photo_rec,windows_delete,xls,18,60.0
JZ0,photo_rec,windows_delete,pptx,11,36.67
JZ0,photo_rec,windows_delete,xlsx,11,36.67
JZ0,photo_rec,windows_delete,epub,10,100.0
JZ0,photo_rec,windows_delete,mkv,10,100.0
JZ0,photo_rec,windows_delete,mp3,10,100.0
JZ0,photo_rec,windows_delete,ods,10,100.0
JZ0,photo_rec,windows_delete,rar,10,100.0
JZ0,photo_rec,windows_delete,eps,9,45.0
JZ0,photo_rec,windows_delete,docx,7,23.33
JZ0,photo_rec,windows_delete,dll,3,30.0
JZ0,photo_rec,windows_delete,dwg,2,10.0
JZ0,photo_rec,windows_delete,exe,2,20.0
JZ0,recuva,control,rand,200,100.0
JZ0,recuva,control,css,100,100.0
JZ0,recuva,control,csv,100,100.0
JZ0,recuva,control,html,100,100.0
JZ0,recuva,control,ics,100,100.0
JZ0,recuva,control,js,100,100.0
JZ0,recuva,control,json,100,100.0
JZ0,recuva,control,ps1,100,100.0
JZ0,recuva,control,so,100,100.0
JZ0,recuva,control,txt,100,100.0
JZ0,recuva,control,xml,100,100.0
JZ0,recuva,control,webp,90,100.0
JZ0,recuva,control,7z,60,100.0
JZ0,recuva,control,jpg,60,100.0
JZ0,recuva,control,png,60,100.0
JZ0,recuva,control,zip,60,100.0
JZ0,recuva,control,pdf,40,100.0
JZ0,recuva,control,doc,30,100.0
JZ0,recuva,control,docx,30,100.0
JZ0,recuva,control,ppt,30,100.0
JZ0,recuva,control,pptx,30,100.0
JZ0,recuva,control,xls,30,100.0
JZ0,recuva,control,xlsx,30,100.0
JZ0,recuva,control,bmp,20,100.0
JZ0,recuva,control,dwg,20,100.0
JZ0,recuva,control,eps,20,100.0
JZ0,recuva,control,gif,20,100.0
JZ0,recuva,control,mp4,20,100.0
JZ0,recuva,control,svg,20,100.0
JZ0,recuva,control,tif,20,100.0
JZ0,recuva,control,apk,10,100.0
JZ0,recuva,control,bin,10,100.0
JZ0,recuva,control,dll,10,100.0
JZ0,recuva,control,epub,10,100.0
JZ0,recuva,control,exe,10,100.0
JZ0,recuva,control,gz,10,100.0
JZ0,recuva,control,mkv,10,100.0
JZ0,recuva,control,mp3,10,100.0
JZ0,recuva,control,ods,10,100.0
JZ0,recuva,control,oxps,10,100.0
JZ0,recuva,control,rar,10,100.0
JZ0,recuva,control,tar,10,100.0
JZ0,recuva,control,zlib,10,100.0
JZ0,recuva,control,py,1,100.0
JZ0,recuva,quick_format,rand,200,100.0
JZ0,recuva,quick_format,html,100,100.0
JZ0,recuva,quick_format,ics,100,100.0
JZ0,recuva,quick_format,js,100,100.0
JZ0,recuva,quick_format,json,100,100.0
JZ0,recuva,quick_format,ps1,100,100.0
JZ0,recuva,quick_format,so,100,100.0
JZ0,recuva,quick_format,txt,100,100.0
JZ0,recuva,quick_format,xml,100,100.0
JZ0,recuva,quick_format,webp,90,100.0
JZ0,recuva,quick_format,csv,89,89.0
JZ0,recuva,quick_format,jpg,60,100.0
JZ0,recuva,quick_format,png,60,100.0
JZ0,recuva,quick_format,zip,60,100.0
JZ0,recuva,quick_format,pdf,40,100.0
JZ0,recuva,quick_format,doc,30,100.0
JZ0,recuva,quick_format,docx,30,100.0
JZ0,recuva,quick_format,ppt,30,100.0
JZ0,recuva,quick_format,pptx,30,100.0
JZ0,recuva,quick_format,xls,30,100.0
JZ0,recuva,quick_format,xlsx,30,100.0
JZ0,recuva,quick_format,dwg,20,100.0
JZ0,recuva,quick_format,eps,20,100.0
JZ0,recuva,quick_format,gif,20,100.0
JZ0,recuva,quick_format,mp4,20,100.0
JZ0,recuva,quick_format,svg,20,100.0
JZ0,recuva,quick_format,tif,20,100.0
JZ0,recuva,quick_format,dll,10,100.0
JZ0,recuva,quick_format,epub,10,100.0
JZ0,recuva,quick_format,exe,10,100.0
JZ0,recuva,quick_format,gz,10,100.0
JZ0,recuva,quick_format,mkv,10,100.0
JZ0,recuva,quick_format,mp3,10,100.0
JZ0,recuva,quick_format,ods,10,100.0
JZ0,recuva,quick_format,oxps,10,100.0
JZ0,recuva,quick_format,rar,10,100.0
JZ0,recuva,quick_format,tar,10,100.0
JZ0,recuva,quick_format,zlib,10,100.0
JZ0,recuva,quick_format,py,1,100.0
JZ0,recuva,windows_delete,rand,200,100.0
JZ0,recuva,windows_delete,css,100,100.0
JZ0,recuva,windows_delete,csv,100,100.0
JZ0,recuva,windows_delete,html,100,100.0
JZ0,recuva,windows_delete,ics,100,100.0
JZ0,recuva,windows_delete,js,100,100.0
JZ0,recuva,windows_delete,json,100,100.0
JZ0,recuva,windows_delete,ps1,100,100.0
JZ0,recuva,windows_delete,so,100,100.0
JZ0,recuva,windows_delete,txt,100,100.0
JZ0,recuva,windows_delete,xml,100,100.0
JZ0,recuva,windows_delete,webp,90,100.0
JZ0,recuva,windows_delete,jpg,60,100.0
JZ0,recuva,windows_delete,png,60,100.0
JZ0,recuva,windows_delete,zip,60,100.0
JZ0,recuva,windows_delete,7z,59,98.33
JZ0,recuva,windows_delete,pdf,40,100.0
JZ0,recuva,windows_delete,doc,30,100.0
JZ0,recuva,windows_delete,docx,30,100.0
JZ0,recuva,windows_delete,ppt,30,100.0
JZ0,recuva,windows_delete,pptx,30,100.0
JZ0,recuva,windows_delete,xls,30,100.0
JZ0,recuva,windows_delete,xlsx,30,100.0
JZ0,recuva,windows_delete,bmp,20,100.0
JZ0,recuva,windows_delete,dwg,20,100.0
JZ0,recuva,windows_delete,eps,20,100.0
JZ0,recuva,windows_delete,gif,20,100.0
JZ0,recuva,windows_delete,mp4,20,100.0
JZ0,recuva,windows_delete,svg,20,100.0
JZ0,recuva,windows_delete,tif,20,100.0
JZ0,recuva,windows_delete,apk,10,100.0
JZ0,recuva,windows_delete,bin,10,100.0
JZ0,recuva,windows_delete,dll,10,100.0
JZ0,recuva,windows_delete,epub,10,100.0
JZ0,recuva,windows_delete,exe,10,100.0
JZ0,recuva,windows_delete,gz,10,100.0
JZ0,recuva,windows_delete,mkv,10,100.0
JZ0,recuva,windows_delete,mp3,10,100.0
JZ0,recuva,windows_delete,ods,10,100.0
JZ0,recuva,windows_delete,oxps,10,100.0
JZ0,recuva,windows_delete,rar,10,100.0
JZ0,recuva,windows_delete,tar,10,100.0
JZ0,recuva,windows_delete,zlib,10,100.0
JZ0,recuva,windows_delete,py,1,100.0
JZ0,windows_file_recovery,quick_format,zip,80,133.33
JZ0,windows_file_recovery,quick_format,jpg,59,98.33
JZ0,windows_file_recovery,quick_format,png,58,96.67
JZ0,windows_file_recovery,quick_format,mp4,20,100.0
JZ0,windows_file_recovery,quick_format,pptx,11,36.67
JZ0,windows_file_recovery,quick_format,xlsx,11,36.67
JZ0,windows_file_recovery,quick_format,mp3,10,100.0
JZ0,windows_file_recovery,quick_format,ods,10,100.0
JZ0,windows_file_recovery,quick_format,docx,7,23.33
JZ0,windows_file_recovery,quick_format,pdf,1,2.5
JZ0,windows_file_recovery,windows_delete,rand,200,100.0
JZ0,windows_file_recovery,windows_delete,csv,100,100.0
JZ0,windows_file_recovery,windows_delete,ics,100,100.0
JZ0,windows_file_recovery,windows_delete,so,100,100.0
JZ0,windows_file_recovery,windows_delete,txt,100,100.0
JZ0,windows_file_recovery,windows_delete,webp,90,100.0
JZ0,windows_file_recovery,windows_delete,jpg,60,100.0
JZ0,windows_file_recovery,windows_delete,png,60,100.0
JZ0,windows_file_recovery,windows_delete,zip,60,100.0
JZ0,windows_file_recovery,windows_delete,7z,59,98.33
JZ0,windows_file_recovery,windows_delete,pdf,40,100.0
JZ0,windows_file_recovery,windows_delete,doc,30,100.0
JZ0,windows_file_recovery,windows_delete,docx,30,100.0
JZ0,windows_file_recovery,windows_delete,ppt,30,100.0
JZ0,windows_file_recovery,windows_delete,pptx,30,100.0
JZ0,windows_file_recovery,windows_delete,xls,30,100.0
JZ0,windows_file_recovery,windows_delete,xlsx,30,100.0
JZ0,windows_file_recovery,windows_delete,bmp,20,100.0
JZ0,windows_file_recovery,windows_delete,dwg,20,100.0
JZ0,windows_file_recovery,windows_delete,eps,20,100.0
JZ0,windows_file_recovery,windows_delete,gif,20,100.0
JZ0,windows_file_recovery,windows_delete,mp4,20,100.0
JZ0,windows_file_recovery,windows_delete,svg,20,100.0
JZ0,windows_file_recovery,windows_delete,tif,20,100.0
JZ0,windows_file_recovery,windows_delete,apk,10,100.0
JZ0,windows_file_recovery,windows_delete,epub,10,100.0
JZ0,windows_file_recovery,windows_delete,gz,10,100.0
JZ0,windows_file_recovery,windows_delete,mkv,10,100.0
JZ0,windows_file_recovery,windows_delete,mp3,10,100.0
JZ0,windows_file_recovery,windows_delete,ods,10,100.0
JZ0,windows_file_recovery,windows_delete,oxps,10,100.0
JZ0,windows_file_recovery,windows_delete,rar,10,100.0
JZ0,windows_file_recovery,windows_delete,tar,10,100.0
JZ0,windows_file_recovery,windows_delete,zlib,10,100.0
W9B,photo_rec,control,html,100,100.0
W9B,photo_rec,control,xml,98,98.0
W9B,photo_rec,control,webp,90,100.0
W9B,photo_rec,control,ics,86,86.0
W9B,photo_rec,control,7z,60,100.0
W9B,photo_rec,control,zip,60,100.0
W9B,photo_rec,control,jpg,59,98.33
W9B,photo_rec,control,png,58,96.67
W9B,photo_rec,control,txt,45,45.0
W9B,photo_rec,control,doc,43,143.33
W9B,photo_rec,control,pdf,26,65.0
W9B,photo_rec,control,bmp,20,100.0
W9B,photo_rec,control,mp4,20,100.0
W9B,photo_rec,control,gif,19,95.0
W9B,photo_rec,control,ppt,19,63.33
W9B,photo_rec,control,svg,19,95.0
W9B,photo_rec,control,xls,18,60.0
W9B,photo_rec,control,pptx,11,36.67
W9B,photo_rec,control,xlsx,11,36.67
W9B,photo_rec,control,epub,10,100.0
W9B,photo_rec,control,mkv,10,100.0
W9B,photo_rec,control,mp3,10,100.0
W9B,photo_rec,control,ods,10,100.0
W9B,photo_rec,control,rar,10,100.0
W9B,photo_rec,control,eps,9,45.0
W9B,photo_rec,control,docx,7,23.33
W9B,photo_rec,control,dll,3,30.0
W9B,photo_rec,control,dwg,2,10.0
W9B,photo_rec,control,exe,2,20.0
W9B,photo_rec,quick_format,txt,65,65.0
W9B,photo_rec,quick_format,html,51,51.0
W9B,photo_rec,quick_format,webp,44,48.89
W9B,photo_rec,quick_format,ics,43,43.0
W9B,photo_rec,quick_format,jpg,34,56.67
W9B,photo_rec,quick_format,zip,31,51.67
W9B,photo_rec,quick_format,doc,29,96.67
W9B,photo_rec,quick_format,png,27,45.0
W9B,photo_rec,quick_format,7z,26,43.33
W9B,photo_rec,quick_format,pdf,11,27.5
W9B,photo_rec,quick_format,bmp,10,50.0
W9B,photo_rec,quick_format,ppt,10,33.33
W9B,photo_rec,quick_format,xls,10,33.33
W9B,photo_rec,quick_format,gif,9,45.0
W9B,photo_rec,quick_format,mp4,7,35.0
W9B,photo_rec,quick_format,pptx,6,20.0
W9B,photo_rec,quick_format,svg,5,25.0
W9B,photo_rec,quick_format,mkv,4,40.0
W9B,photo_rec,quick_format,rar,4,40.0
W9B,photo_rec,quick_format,xml,4,4.0
W9B,photo_rec,quick_format,docx,3,10.0
W9B,photo_rec,quick_format,mp3,3,30.0
W9B,photo_rec,quick_format,ods,3,30.0
W9B,photo_rec,quick_format,xlsx,3,10.0
W9B,photo_rec,quick_format,dll,2,20.0
W9B,photo_rec,quick_format,epub,2,20.0
W9B,photo_rec,quick_format,eps,1,5.0
W9B,photo_rec,windows_delete,html,100,100.0
W9B,photo_rec,windows_delete,xml,98,98.0
W9B,photo_rec,windows_delete,webp,90,100.0
W9B,photo_rec,windows_delete,ics,86,86.0
W9B,photo_rec,windows_delete,7z,60,100.0
W9B,photo_rec,windows_delete,zip,60,100.0
W9B,photo_rec,windows_delete,jpg,59,98.33
W9B,photo_rec,windows_delete,png,58,96.67
W9B,photo_rec,windows_delete,txt,45,45.0
W9B,photo_rec,windows_delete,doc,43,143.33
W9B,photo_rec,windows_delete,pdf,26,65.0
W9B,photo_rec,windows_delete,bmp,20,100.0
W9B,photo_rec,windows_delete,mp4,20,100.0
W9B,photo_rec,windows_delete,gif,19,95.0
W9B,photo_rec,windows_delete,ppt,19,63.33
W9B,photo_rec,windows_delete,svg,19,95.0
W9B,photo_rec,windows_delete,xls,18,60.0
W9B,photo_rec,windows_delete,pptx,11,36.67
W9B,photo_rec,windows_delete,xlsx,11,36.67
W9B,photo_rec,windows_delete,epub,10,100.0
W9B,photo_rec,windows_delete,mkv,10,100.0
W9B,photo_rec,windows_delete,mp3,10,100.0
W9B,photo_rec,windows_delete,ods,10,100.0
W9B,photo_rec,windows_delete,rar,10,100.0
W9B,photo_rec,windows_delete,eps,9,45.0
W9B,photo_rec,windows_delete,docx,7,23.33
W9B,photo_rec,windows_delete,dll,3,30.0
W9B,photo_rec,windows_delete,dwg,2,10.0
W9B,photo_rec,windows_delete,exe,2,20.0
W9B,recuva,control,rand,200,100.0
W9B,recuva,control,css,100,100.0
W9B,recuva,control,csv,100,100.0
W9B,recuva,control,html,100,100.0
W9B,recuva,control,ics,100,100.0
W9B,recuva,control,js,100,100.0
W9B,recuva,control,json,100,100.0
W9B,recuva,control,ps1,100,100.0
W9B,recuva,control,so,100,100.0
W9B,recuva,control,txt,100,100.0
W9B,recuva,control,xml,100,100.0
W9B,recuva,control,webp,90,100.0
W9B,recuva,control,7z,60,100.0
W9B,recuva,control,jpg,60,100.0
W9B,recuva,control,png,60,100.0
W9B,recuva,control,zip,60,100.0
W9B,recuva,control,pdf,40,100.0
W9B,recuva,control,doc,30,100.0
W9B,recuva,control,docx,30,100.0
W9B,recuva,control,ppt,30,100.0
W9B,recuva,control,pptx,30,100.0
W9B,recuva,control,xls,30,100.0
W9B,recuva,control,xlsx,30,100.0
W9B,recuva,control,bmp,20,100.0
W9B,recuva,control,dwg,20,100.0
W9B,recuva,control,eps,20,100.0
W9B,recuva,control,gif,20,100.0
W9B,recuva,control,mp4,20,100.0
W9B,recuva,control,svg,20,100.0
W9B,recuva,control,tif,20,100.0
W9B,recuva,control,apk,10,100.0
W9B,recuva,control,bin,10,100.0
W9B,recuva,control,dll,10,100.0
W9B,recuva,control,epub,10,100.0
W9B,recuva,control,exe,10,100.0
W9B,recuva,control,gz,10,100.0
W9B,recuva,control,mkv,10,100.0
W9B,recuva,control,mp3,10,100.0
W9B,recuva,control,ods,10,100.0
W9B,recuva,control,oxps,10,100.0
W9B,recuva,control,rar,10,100.0
W9B,recuva,control,tar,10,100.0
W9B,recuva,control,zlib,10,100.0
W9B,recuva,control,py,1,100.0
W9B,recuva,quick_format,js,27,27.0
W9B,recuva,quick_format,csv,23,23.0
W9B,recuva,quick_format,rand,17,8.5
W9B,recuva,quick_format,txt,15,15.0
W9B,recuva,quick_format,ics,13,13.0
W9B,recuva,quick_format,ppt,6,20.0
W9B,recuva,quick_format,tif,3,15.0
W9B,recuva,quick_format,json,2,2.0
W9B,recuva,quick_format,xml,2,2.0
W9B,recuva,quick_format,doc,1,3.33
W9B,recuva,quick_format,gif,1,5.0
W9B,recuva,quick_format,jpg,1,1.67
W9B,recuva,quick_format,mp3,1,10.0
W9B,recuva,quick_format,png,1,1.67
W9B,recuva,quick_format,svg,1,5.0
W9B,recuva,windows_delete,rand,200,100.0
W9B,recuva,windows_delete,css,100,100.0
W9B,recuva,windows_delete,csv,100,100.0
W9B,recuva,windows_delete,html,100,100.0
W9B,recuva,windows_delete,ics,100,100.0
W9B,recuva,windows_delete,js,100,100.0
W9B,recuva,windows_delete,json,100,100.0
W9B,recuva,windows_delete,ps1,100,100.0
W9B,recuva,windows_delete,so,100,100.0
W9B,recuva,windows_delete,txt,100,100.0
W9B,recuva,windows_delete,xml,100,100.0
W9B,recuva,windows_delete,webp,90,100.0
W9B,recuva,windows_delete,7z,60,100.0
W9B,recuva,windows_delete,jpg,60,100.0
W9B,recuva,windows_delete,png,60,100.0
W9B,recuva,windows_delete,zip,60,100.0
W9B,recuva,windows_delete,pdf,40,100.0
W9B,recuva,windows_delete,doc,30,100.0
W9B,recuva,windows_delete,docx,30,100.0
W9B,recuva,windows_delete,ppt,30,100.0
W9B,recuva,windows_delete,pptx,30,100.0
W9B,recuva,windows_delete,xls,30,100.0
W9B,recuva,windows_delete,xlsx,30,100.0
W9B,recuva,windows_delete,bmp,20,100.0
W9B,recuva,windows_delete,dwg,20,100.0
W9B,recuva,windows_delete,eps,20,100.0
W9B,recuva,windows_delete,gif,20,100.0
W9B,recuva,windows_delete,mp4,20,100.0
W9B,recuva,windows_delete,svg,20,100.0
W9B,recuva,windows_delete,tif,20,100.0
W9B,recuva,windows_delete,apk,10,100.0
W9B,recuva,windows_delete,bin,10,100.0
W9B,recuva,windows_delete,dll,10,100.0
W9B,recuva,windows_delete,epub,10,100.0
W9B,recuva,windows_delete,exe,10,100.0
W9B,recuva,windows_delete,gz,10,100.0
W9B,recuva,windows_delete,mkv,10,100.0
W9B,recuva,windows_delete,mp3,10,100.0
W9B,recuva,windows_delete,ods,10,100.0
W9B,recuva,windows_delete,oxps,10,100.0
W9B,recuva,windows_delete,rar,10,100.0
W9B,recuva,windows_delete,tar,10,100.0
W9B,recuva,windows_delete,zlib,10,100.0
W9B,recuva,windows_delete,py,1,100.0
W9B,windows_file_recovery,quick_format,zip,80,133.33
W9B,windows_file_recovery,quick_format,jpg,59,98.33
W9B,windows_file_recovery,quick_format,png,58,96.67
W9B,windows_file_recovery,quick_format,mp4,20,100.0
W9B,windows_file_recovery,quick_format,pptx,11,36.67
W9B,windows_file_recovery,quick_format,xlsx,11,36.67
W9B,windows_file_recovery,quick_format,mp3,10,100.0
W9B,windows_file_recovery,quick_format,ods,10,100.0
W9B,windows_file_recovery,quick_format,docx,7,23.33
W9B,windows_file_recovery,quick_format,pdf,1,2.5
W9B,windows_file_recovery,windows_delete,rand,200,100.0
W9B,windows_file_recovery,windows_delete,csv,100,100.0
W9B,windows_file_recovery,windows_delete,ics,100,100.0
W9B,windows_file_recovery,windows_delete,so,100,100.0
W9B,windows_file_recovery,windows_delete,txt,100,100.0
W9B,windows_file_recovery,windows_delete,webp,90,100.0
W9B,windows_file_recovery,windows_delete,7z,60,100.0
W9B,windows_file_recovery,windows_delete,jpg,60,100.0
W9B,windows_file_recovery,windows_delete,png,60,100.0
W9B,windows_file_recovery,windows_delete,zip,60,100.0
W9B,windows_file_recovery,windows_delete,pdf,40,100.0
W9B,windows_file_recovery,windows_delete,doc,30,100.0
W9B,windows_file_recovery,windows_delete,docx,30,100.0
W9B,windows_file_recovery,windows_delete,ppt,30,100.0
W9B,windows_file_recovery,windows_delete,pptx,30,100.0
W9B,windows_file_recovery,windows_delete,xls,30,100.0
W9B,windows_file_recovery,windows_delete,xlsx,30,100.0
W9B,windows_file_recovery,windows_delete,bmp,20,100.0
W9B,windows_file_recovery,windows_delete,dwg,20,100.0
W9B,windows_file_recovery,windows_delete,eps,20,100.0
W9B,windows_file_recovery,windows_delete,gif,20,100.0
W9B,windows_file_recovery,windows_delete,mp4,20,100.0
W9B,windows_file_recovery,windows_delete,svg,20,100.0
W9B,windows_file_recovery,windows_delete,tif,20,100.0
W9B,windows_file_recovery,windows_delete,apk,10,100.0
W9B,windows_file_recovery,windows_delete,epub,10,100.0
W9B,windows_file_recovery,windows_delete,gz,10,100.0
W9B,windows_file_recovery,windows_delete,mkv,10,100.0
W9B,windows_file_recovery,windows_delete,mp3,10,100.0
W9B,windows_file_recovery,windows_delete,ods,10,100.0
W9B,windows_file_recovery,windows_delete,oxps,10,100.0
W9B,windows_file_recovery,windows_delete,rar,10,100.0
W9B,windows_file_recovery,windows_delete,tar,10,100.0
W9B,windows_file_recovery,windows_delete,zlib,10,100.0
